description,units,source key,Jan-01,Feb-01,Mar-01,Apr-01,May-01,Jun-01,Jul-01,Aug-01,Sep-01,Oct-01,Nov-01,Dec-01,Jan-02,Feb-02,Mar-02,Apr-02,May-02,Jun-02,Jul-02,Aug-02,Sep-02,Oct-02,Nov-02,Dec-02,Jan-03,Feb-03,Mar-03,Apr-03,May-03,Jun-03,Jul-03,Aug-03,Sep-03,Oct-03,Nov-03,Dec-03,Jan-04,Feb-04,Mar-04,Apr-04,May-04,Jun-04,Jul-04,Aug-04,Sep-04,Oct-04,Nov-04,Dec-04,Jan-05,Feb-05,Mar-05,Apr-05,May-05,Jun-05,Jul-05,Aug-05,Sep-05,Oct-05,Nov-05,Dec-05,Jan-06,Feb-06,Mar-06,Apr-06,May-06,Jun-06,Jul-06,Aug-06,Sep-06,Oct-06,Nov-06,Dec-06,Jan-07,Feb-07,Mar-07,Apr-07,May-07,Jun-07,Jul-07,Aug-07,Sep-07,Oct-07,Nov-07,Dec-07,Jan-08,Feb-08,Mar-08,Apr-08,May-08,Jun-08,Jul-08,Aug-08,Sep-08,Oct-08,Nov-08,Dec-08,Jan-09,Feb-09,Mar-09,Apr-09,May-09,Jun-09,Jul-09,Aug-09,Sep-09,Oct-09,Nov-09,Dec-09,Jan-10,Feb-10,Mar-10,Apr-10,May-10,Jun-10,Jul-10,Aug-10,Sep-10,Oct-10,Nov-10,Dec-10,Jan-11,Feb-11,Mar-11,Apr-11,May-11,Jun-11,Jul-11,Aug-11,Sep-11,Oct-11,Nov-11,Dec-11,Jan-12,Feb-12,Mar-12,Apr-12,May-12,Jun-12,Jul-12,Aug-12,Sep-12,Oct-12,Nov-12,Dec-12,Jan-13,Feb-13,Mar-13,Apr-13,May-13,Jun-13,Jul-13,Aug-13,Sep-13,Oct-13,Nov-13,Dec-13,Jan-14,Feb-14,Mar-14,Apr-14,May-14,Jun-14,Jul-14,Aug-14,Sep-14,Oct-14,Nov-14,Dec-14,Jan-15,Feb-15,Mar-15,Apr-15,May-15,Jun-15,Jul-15,Aug-15,Sep-15,Oct-15,Nov-15,Dec-15,Jan-16,Feb-16,Mar-16,Apr-16,May-16,Jun-16,Jul-16,Aug-16,Sep-16,Oct-16,Nov-16,Dec-16,Jan-17,Feb-17,Mar-17,Apr-17,May-17,Jun-17,Jul-17,Aug-17,Sep-17,Oct-17,Nov-17,Dec-17,Jan-18,Feb-18,Mar-18,Apr-18,May-18,Jun-18,Jul-18,Aug-18,Sep-18,Oct-18,Nov-18,Dec-18,Jan-19,Feb-19,Mar-19,Apr-19,May-19,Jun-19,Jul-19,Aug-19,Sep-19,Oct-19,Nov-19,Dec-19,Jan-20,Feb-20,Mar-20,Apr-20,May-20,Jun-20,Jul-20,Aug-20,Sep-20,Oct-20,Nov-20,Dec-20,Jan-21,Feb-21,Mar-21,Apr-21,May-21,Jun-21
Net generation for electric power,thousand megawatthours,,,,,,,,,,,,,,,,,,,,,,,,,,,,,,,,,,,,,,,,,,,,,,,,,,,,,,,,,,,,,,,,,,,,,,,,,,,,,,,,,,,,,,,,,,,,,,,,,,,,,,,,,,,,,,,,,,,,,,,,,,,,,,,,,,,,,,,,,,,,,,,,,,,,,,,,,,,,,,,,,,,,,,,,,,,,,,,,,,,,,,,,,,,,,,,,,,,,,,,,,,,,,,,,,,,,,,,,,,,,,,,,,,,,,,,,,,,,,,,,,,,,,,,
United States,,ELEC.GEN..M,,,,,,,,,,,,,,,,,,,,,,,,,,,,,,,,,,,,,,,,,,,,,,,,,,,,,,,,,,,,,,,,,,,,,,,,,,,,,,,,,,,,,,,,,,,,,,,,,,,,,,,,,,,,,,,,,,,,,,,,,,,,,,,,,,,,,,,,,,,,,,,,,,,,,,,,,,,,,,,,,,,,,,,,,,,,,,,,,,,,,,,,,,,,,,,,,,,,,,,,,,,,,,,,,,,,,,,,,,,,,,,,,,,,,,,,,,,,,,,,,,,,,,
United States : all fuels (utility-scale),thousand megawatthours,ELEC.GEN.ALL-US-98.M,318736,270971,287700,265855,288166,315148,343834,356152,293882,281391,266155,292063,306171,269476,289322,277126,294517,327553,366980,360351,317976,294096,283374,311516,327446,286699,291086,273016,294241,315306,360116,367420,309751,293289,284902,317887,332296,301278,295508,277603,313916,331531,362932,354509,322329,299476,289208,327775,329896,286566,304624,277402,302523,350246,387630,390258,337681,305201,294691,335474,315254,295333,306041,285788,317522,351360,396263,393589,319181,308218,296571,322957,339968,311810,308331,291254,317826,350339,379914,407865,342713,319830,301907,333586,349836,313292,312410,294203,313216,360612,389318,375612,327021,306769,299222,332839,343516,290221,299257,278994,300496,336011,359842,368139,315163,295093,285012,338095,348128,307994,299571,276121,315656,362985,396195,394651,333057,295646,293833,348549,350001,301632,306808,290519,311403,354929,404802,392441,325113,296676,291639,322225,326185,296790,296497,283183,323598,347759,400316,381494,321586,298906,293047,320996,335062,297198,311828,286807,309028,343286,380108,370943,327638,301782,301287,338748,363645,312276,318914,285453,312072,344988,371817,370304,326756,301847,304738,324193,346758,322473,311741,282197,309552,349067,385889,377856,336618,299168,287551,310423,339200,301122,291262,280548,303879,354445,397635,395328,338260,300073,284282,332044,330859,278904,306382,282899,310703,345241,390294,370794,323472,306085,295315,336505,359449,294633,308747,288509,325905,358523,396854,393497,342917,311750,309062,328320,345324,302635,313385,284309,317498,339709,395547,386904,346894,306999,302253,324174,326217,304885,294084,264054,291979,340019,400737,386013,321755,301722,290110,331059,337092,315905,298757,280877,305324,361556
United States : coal,thousand megawatthours,ELEC.GEN.COW-US-98.M,175303,148059,153452,139034,150043,160888,177142,181053,152450,147218,142473,155711,162521,141430,149724,140498,149646,162736,181001,177962,163497,157195,154172,170231,179356,155283,153323,140369,148574,160559,180006,183469,163243,157578,156536,174418,178715,159783,152551,139831,155288,165842,179600,176373,162593,155904,155767,174942,175248,154168,161863,141460,152345,173147,184213,185730,169922,160731,157091,176135,167478,157015,159589,139730,155290,167907,185951,187576,159899,159674,157817,171810,174253,162199,158273,144799,155991,171994,183483,188516,167888,160696,157936,172361,181337,165343,159284,145587,153473,169600,185208,179082,159933,150464,153016,166512,170626,139743,134314,124803,130527,146845,156943,161917,135950,138667,135644,165146,171660,151461,142665,125615,141669,163912,177778,175848,147157,130663,133815,165494,169390,137082,133584,123272,135820,156716,175129,169798,139648,125442,120323,131686,127874,112774,104410,95284,114930,130147,159178,150941,124496,119952,127648,132923,136952,122484,129469,110786,118380,137160,151653,148288,132047,119943,119858,140703,155916,142218,135290,108279,117738,136470,148472,147329,125062,110322,118118,123561,131431,126024,107471,88147,103672,124677,138060,133651,117005,95872,86362,88622,112624,91909,71346,71419,80935,115197,135420,134762,113347,98474,86275,117955,114572,86158,88688,80743,92141,106825,127019,118810,97560,89114,90347,105860,118557,81399,79983,72787,84634,100894,114749,114516,95962,86736,92258,99698,100294,79382,77819,59426,71388,78043,100225,93517,85216,66311,75046,72065,64548,55590,50145,40189,46094,64920,89368,90814,67978,59440,60896,78215,81340,87393,61561,53494,63412,86848
United States : petroleum liquids,thousand megawatthours,ELEC.GEN.PEL-US-98.M,16701,9205,10561,9887,9308,10696,9723,12874,6117,5254,4780,5153,5118,4115,6629,6261,6391,6160,8216,7920,6401,6605,4801,6462,11098,9391,8992,7014,6519,9182,10175,10476,6806,6615,4639,7686,12772,7271,7707,7069,8174,8819,9949,8840,6783,5653,4956,7777,9737,5210,6127,4938,4548,8451,10643,12051,10165,8062,4916,10818,3947,2990,2147,2830,2690,3862,4913,6333,2829,3178,3133,2814,4138,7283,3846,3570,3248,4023,3957,5514,3511,3410,1863,2607,2921,2268,1949,2150,2229,3584,2866,2443,2847,1841,2082,3047,4720,2074,1926,1512,1915,1954,2020,2338,1573,1726,1226,1357,3073,1156,1202,1151,1776,2591,2886,2352,1608,1144,1145,2292,1798,1139,1211,1399,1304,1323,1664,1244,1066,1050,1027,1118,1083,846,910,907,1026,1248,1473,1141,924,992,930,1170,1652,1069,942,950,1013,992,1410,1033,926,901,944,1375,5726,1749,1917,870,912,843,947,972,882,861,911,895,1848,5063,1002,865,959,981,1148,1044,962,898,953,903,1343,1246,833,790,928,924,1217,1214,902,890,1025,1118,1047,825,909,819,929,953,879,928,890,929,860,1880,5442,750,781,832,993,1025,928,1004,1014,969,948,911,1346,765,772,735,900,919,967,1002,880,901,853,943,908,719,671,597,664,819,916,883,758,861,761,868,849,1541,949,717,763,820
United States : petroleum coke,thousand megawatthours,ELEC.GEN.PC-US-98.M,695,612,646,529,626,717,865,896,808,827,740,929,1147,1185,1197,1203,1376,1268,1288,1430,1302,1085,1016,1158,992,922,755,1138,1083,1331,1507,1509,1416,1504,1441,1506,1763,1530,1493,1498,1581,1509,1592,1745,1484,1618,1472,1623,1791,1635,1745,1548,1775,1908,1848,1976,1693,1666,1530,1700,1743,1535,1476,1519,1385,1565,1735,1637,1461,1418,1261,1308,1436,1144,1142,1103,1227,1394,1185,1301,1139,1036,972,1257,1224,1109,907,992,926,1092,1038,1111,1041,1190,1023,1002,1016,925,1151,1045,1049,1039,1091,1053,1034,614,620,833,1038,1010,1097,958,1025,1202,1313,1023,1000,893,735,1010,1431,1116,1315,858,914,1115,1342,1206,1206,844,606,907,1050,826,393,380,501,592,614,680,672,564,584,567,849,749,837,718,1136,1106,1143,1163,1046,908,752,894,1058,829,1082,713,958,1002,921,901,895,507,666,1026,941,1011,642,705,835,742,1037,969,936,759,629,671,874,833,862,956,886,923,969,997,920,559,712,791,882,662,616,373,790,830,811,681,659,515,694,678,906,701,587,615,460,770,855,825,748,504,617,745,758,655,536,355,697,516,685,634,537,156,292,417,606,459,635,560,546,757,775,725,412,278,589,689,655,631,619,348,460,431
United States : natural gas,thousand megawatthours,ELEC.GEN.NG-US-98.M,35261,31636,37453,39413,44283,50854,65546,70693,53012,49147,37494,40147,40827,37533,43875,42701,43200,58686,76391,76936,61381,47932,38737,39484,42546,37041,39959,38725,42536,47554,69623,75773,52178,45022,38942,37403,41226,43661,43022,45314,54948,57732,71760,70522,60912,50716,43153,44206,44879,38992,45470,45943,48412,68532,88977,92877,67093,50865,43988,47802,36949,41294,48453,50050,58635,74184,100469,98905,65916,63532,46950,49080,53809,51626,50026,54126,59991,74888,90157,113395,81511,71321,54031,59872,65197,53460,55499,56765,55665,77685,92534,92025,73270,66624,55482,58166,59969,56164,61837,55301,62125,77591,94487,101636,84942,65852,56735,64367,66847,59556,56492,58124,66862,85033,106961,112961,85498,70876,62305,69875,66932,59380,59362,63257,68175,83426,111502,111540,84300,71962,68262,78193,83122,83308,85001,87748,99625,107685,130133,123160,100267,84207,72601,75934,80389,72970,76765,70626,76244,91672,111959,112603,94193,80872,76367,84289,82969,68730,70517,69583,81645,90902,106696,113910,98690,90053,76711,82766,93450,84207,92110,85828,94124,113390,132266,130314,114792,102022,94132,101022,101786,90849,95849,91257,102482,123043,142558,145610,117197,94754,85907,88088,86947,75088,86902,80597,89993,108779,137826,132376,110156,98800,86834,102455,101469,90702,98597,90614,107014,122172,155264,152150,132992,114533,99419,100896,112144,103949,107124,95861,108445,128930,162249,165140,140483,121934,108683,122198,123298,116654,114766,100048,107853,134669,176293,164758,133123,123640,100783,116315,116050,104470,97691,99521,105770,140120
United States : other gases,thousand megawatthours,ELEC.GEN.OOG-US-98.M,40,42,45,43,51,51,59,57,47,44,46,60,201,107,160,131,128,140,198,202,181,171,165,186,266,237,229,243,251,205,212,203,205,181,210,205,251,277,287,311,322,308,325,293,314,286,306,290,302,300,378,328,328,301,299,289,290,312,305,345,343,302,349,344,414,375,378,412,335,331,331,340,375,312,345,315,316,331,339,341,322,379,332,337,293,247,274,280,312,325,342,316,193,221,172,224,220,213,240,231,234,253,288,278,298,280,256,269,275,247,275,273,279,265,267,249,240,170,219,208,243,207,252,244,242,259,262,264,252,240,227,247,263,256,261,254,244,253,266,266,232,225,211,253,385,325,318,322,367,349,381,376,373,405,367,356,266,211,215,231,283,257,283,315,298,334,302,363,394,329,327,290,338,299,311,331,331,229,234,304,344,299,360,317,313,351,346,332,346,234,351,318,350,309,358,300,351,324,369,359,345,327,352,383,344,337,348,354,389,316,359,392,332,254,311,349,360,351,383,329,324,329,372,377,342,189,326,354,354,370,288,150,161,133,162,303,297,238,306,337,326,191,196,246,260,304
United States : nuclear,thousand megawatthours,ELEC.GEN.NUC-US-98.M,68707,61272,62141,56003,61512,68023,69166,68389,63378,60461,62342,67431,70926,61658,63041,58437,63032,66372,70421,70778,64481,60493,61520,68905,69211,60942,59933,56776,62202,64181,69653,69024,63584,60016,59600,68612,70806,64102,63285,58620,64917,67734,71975,71068,65932,62530,58941,68617,69828,60947,61539,55484,62970,66144,71070,71382,66739,61236,62913,71735,71912,62616,63721,57567,62776,68391,72186,72016,66642,57509,61392,70490,74006,65225,64305,57301,65025,68923,72739,72751,67579,61690,64899,71983,70735,65130,64716,57333,64826,70319,74318,72617,67054,62820,63408,72931,74102,64227,67241,59408,65395,69735,72949,72245,65752,58021,59069,70710,72569,65245,64635,57611,66658,68301,71913,71574,69371,62751,62655,73683,72743,64789,65662,54547,57013,65270,72345,71339,66849,63337,64474,71837,72381,63847,61729,55871,62081,65140,69129,69602,64511,59743,56713,68584,71406,61483,62947,56767,62848,66430,70539,71344,65799,63184,64975,71294,73163,62639,62397,56385,62947,68138,71940,71129,67535,62391,65140,73363,74270,63461,64547,59784,65827,68516,71412,72415,66476,60571,60264,69634,72525,65638,66149,62732,66576,67175,70349,71526,65448,60733,65179,71662,73121,63560,65093,56743,61313,67011,71314,72384,68098,65995,66618,73700,74649,64790,67033,59133,67320,69688,72456,72282,64725,59397,63954,71657,73701,64715,65080,60581,67124,68805,72199,71911,66064,62033,64125,73074,74170,65950,63997,59170,64338,67205,69385,68982,65727,59362,61760,69871,71832,62954,63708,57092,62053,66070
United States : conventional hydroelectric,thousand megawatthours,ELEC.GEN.HYC-US-98.M,18611,17232,20133,17723,18875,20430,17832,18593,15009,15024,15211,19076,21498,19912,20732,23929,26375,27957,25196,20806,16839,16828,19282,21138,20239,19474,23830,24512,29003,28217,24472,22597,18144,18093,19363,23568,22651,20626,22629,20670,23811,25052,23113,21364,20206,18564,20581,25797,23922,21331,22632,22771,27003,26480,25662,21343,17143,17781,19124,21845,27067,24469,24402,28361,30628,29571,25216,21546,16996,16774,19903,21320,25853,18420,23969,23694,25867,22690,22387,19865,14666,14696,15554,18180,20611,18627,21485,22050,27046,29043,25429,21111,16081,15372,15546,20696,23316,17662,21624,25570,29364,29055,23243,19444,17263,19552,20865,24548,22207,20421,20691,18898,24903,29711,24405,20019,17188,17561,19426,23024,25386,23970,30945,31008,32386,31999,31173,25666,21254,19660,20533,23552,22830,20041,25670,26115,28426,26481,26352,22880,17443,16307,18519,22796,24501,20051,20228,24842,28118,27051,26929,21389,16719,16958,17469,20803,21510,17289,24139,25310,26410,25640,24265,19708,15986,17063,18524,22202,24014,22179,24148,22331,19995,20297,20896,19030,16015,16513,19202,23017,25464,24006,27226,25735,25355,23125,21337,19458,16279,17229,18721,22390,26479,23746,29460,29235,32421,30422,26460,21924,19063,17606,19758,22136,24962,24794,25752,27990,30319,27502,25003,21908,19060,19426,21781,22651,24658,22772,26208,27695,31857,27965,24788,22504,18461,18232,20139,21374,25222,26260,23483,22002,30367,28950,27571,23985,19076,18237,21736,22981,26047,22043,21247,19158,23307,24783
United States : other renewables,thousand megawatthours,ELEC.GEN.AOR-US-98.M,3456,3125,3500,3476,3532,3704,3805,3751,3459,3497,3344,3608,4000,3477,4011,3864,4142,4262,4243,4269,3904,3801,3676,3907,3922,3669,4247,4189,4057,4236,4355,4196,4096,4028,4048,4438,4219,4078,4493,4295,4849,4547,4538,4384,4218,4232,4020,4453,4358,3824,4790,4700,5024,5110,4914,4601,4745,4610,4799,5178,5742,5009,5739,5392,5555,5316,5414,5213,5158,5750,5789,5857,6090,5544,6320,6193,6149,6040,5681,6245,6278,6786,6437,6941,7687,7015,8278,8593,8733,8721,7770,6950,6578,8182,8420,10157,9493,9131,10683,10835,9680,9197,8725,9249,8155,10243,10400,10687,10480,8756,12300,13286,12349,11851,10637,10624,10832,11456,13421,12892,12159,13809,14190,15767,15321,14706,11397,11408,10504,14112,16008,14504,17302,14530,17773,16288,16483,16056,13122,12706,12835,16671,15624,18691,18802,17844,20156,21516,20631,18256,15767,14562,16364,18377,20360,18826,22747,18551,23151,23893,21160,21770,18193,16227,17339,20148,24264,19861,20360,20122,21345,23887,23558,19940,20606,20050,20023,22118,25420,25876,23929,26170,28431,27205,26081,23569,25579,21681,23944,27175,26124,29827,27271,28513,34311,33975,32597,30069,25753,23338,26750,32696,29741,29434,33052,30894,35545,35995,34595,35959,27244,30531,28126,29823,29516,31312,31719,29861,35269,38851,36468,33940,34013,31694,34934,36975,32669,33620,36840,38546,39791,41036,41698,42492,36307,35692,34314,39494,43050,41486,39770,36539,52386,49915,49119,41959
United States : wind,thousand megawatthours,ELEC.GEN.WND-US-98.M,389,431,532,685,635,670,635,577,490,607,470,616,811,714,852,1024,1078,1126,890,977,736,734,656,755,632,745,1036,1093,1006,1047,953,815,895,897,961,1105,999,1022,1291,1295,1702,1397,1164,1051,1090,1029,932,1172,1132,966,1561,1698,1746,1797,1421,1138,1468,1446,1610,1828,2383,1922,2359,2472,2459,2052,1955,1655,1879,2442,2540,2472,2452,2520,3047,3172,2952,2620,2158,2699,2867,3377,3095,3490,4273,3852,4782,5225,5340,5140,4008,3264,3111,4756,4994,6616,5951,5852,7099,7458,6262,5599,4955,5464,4651,6814,6875,6906,6853,5431,8588,9763,8696,8048,6723,6685,7104,7942,9746,9058,8547,10448,10540,12417,11767,10981,7486,7471,6865,10519,12431,10649,13623,11045,14020,12702,12535,11967,8819,8466,8785,12629,11642,14516,14729,14068,15748,17468,16230,13742,11088,9629,11668,13627,15790,13955,17895,13997,17722,18621,15591,15786,12176,10162,11510,14492,18848,14696,15146,14908,15293,17850,17136,13410,13666,13070,13961,16364,19663,20080,18447,20118,21920,20781,18832,16290,17605,13579,16391,20318,19388,23122,20780,22072,25705,25355,23047,20124,16108,13869,17896,24346,22592,22179,25570,23165,26435,26406,23932,24683,16432,19830,18502,21170,21991,24282,24273,22598,25746,28888,25757,22426,22084,19964,24494,27599,25160,26616,28520,29368,29496,29386,28282,29446,22186,22341,22977,28770,33582,32329,30319,26561,39466,35809,33113,26305
United States : all utility-scale solar,thousand megawatthours,ELEC.GEN.SUN-US-98.M,7,13,31,39,81,91,92,85,65,21,14,4,11,24,44,46,58,96,86,75,53,31,28,4,13,18,50,60,68,91,62,62,56,35,14,4,13,11,53,57,82,88,82,73,61,34,15,8,9,13,38,58,81,88,72,76,61,38,13,3,13,20,33,52,71,70,62,83,54,32,16,3,13,19,48,54,84,84,86,75,68,49,24,5,16,36,75,94,99,128,111,105,93,60,29,19,7,30,78,99,110,103,121,116,95,68,40,21,10,33,76,112,153,175,161,156,137,75,76,43,37,81,116,155,181,210,181,218,177,151,103,117,91,129,221,305,445,508,492,445,439,415,335,339,300,417,596,640,724,839,799,914,917,954,799,826,734,814,1286,1453,1710,1883,1748,1839,1795,1680,1351,1011,1134,1459,2037,2338,2456,2512,2579,2639,2178,1875,1702,1545,1458,2201,2571,2831,3375,3418,3886,3908,3584,3147,2729,2389,2298,2717,4464,4853,5725,6052,5509,5311,5007,4606,3174,3006,3288,3863,5009,6002,6788,7347,6691,6634,5911,4926,3711,3083,3546,3798,5841,6690,7095,7898,8053,7803,6754,6040,4323,3423,4615,5657,6436,8052,9679,9555,10386,9428,7824,7284,5845,5338,5689,6452,9267,10837,12370,11974
United States : utility-scale photovoltaic,thousand megawatthours,ELEC.GEN.SPV-US-98.M,--,--,--,--,--,--,--,--,--,--,--,--,--,--,--,--,--,--,--,--,--,--,--,--,0,0,0,0,0,0,0,0,0,0,0,0,0,0,1,1,1,0,1,0,1,1,0,0,1,1,1,2,2,2,2,2,1,1,1,1,1,1,1,1,2,2,2,2,1,1,0,0,0,1,1,1,2,2,1,1,1,2,1,3,2,3,7,8,8,9,8,8,7,6,4,5,3,6,13,16,18,15,17,19,16,15,11,8,6,11,21,34,43,51,46,49,48,35,43,31,31,42,59,72,80,85,78,109,100,91,78,97,78,100,153,209,320,372,374,352,354,349,304,323,289,372,524,547,620,717,714,815,842,842,749,780,680,731,1104,1227,1418,1537,1486,1577,1537,1447,1203,915,1071,1298,1752,1966,2111,2132,2200,2247,1869,1665,1497,1420,1372,1959,2313,2558,2987,3006,3415,3541,3221,2898,2545,2298,2208,2581,4168,4543,5323,5587,5198,4970,4657,4292,3043,2884,3160,3672,4752,5688,6358,6831,6311,6224,5481,4652,3543,2991,3436,3666,5581,6365,6759,7459,7653,7390,6460,5742,4182,3353,4500,5478,6243,7746,9266,9184,9956,9071,7554,7025,5681,5246,5609,6318,9008,10503,11976,11653
United States : utility-scale thermal,thousand megawatthours,ELEC.GEN.STH-US-98.M,--,--,--,--,--,--,--,--,--,--,--,--,--,--,--,--,--,--,--,--,--,--,--,--,13,18,50,60,68,90,62,62,56,35,14,4,12,10,52,56,81,88,81,73,60,33,15,7,8,12,37,57,79,87,70,74,60,36,12,2,12,19,32,51,68,67,60,81,53,32,15,3,13,19,48,53,83,83,85,74,67,47,23,2,14,32,68,86,90,119,103,98,85,55,25,13,4,25,65,83,92,88,104,98,79,53,30,13,4,22,55,78,110,124,114,107,89,40,34,12,6,39,58,84,100,125,103,109,78,60,25,20,13,29,68,96,125,136,117,93,85,66,31,16,11,45,72,93,104,122,85,99,75,112,49,46,54,83,182,226,292,345,262,261,258,233,148,95,63,161,286,372,345,380,380,392,309,210,204,126,86,241,257,273,388,412,471,368,363,249,184,91,90,136,297,310,402,465,311,341,349,314,131,123,128,191,258,314,430,517,380,409,430,275,168,92,111,131,260,325,336,439,400,413,294,298,141,70,116,179,193,306,413,371,430,356,270,259,164,92,80,134,259,334,394,322
United States : geothermal,thousand megawatthours,ELEC.GEN.GEO-US-98.M,1229,1073,1190,1095,1071,1088,1179,1167,1139,1162,1157,1190,1287,1132,1245,1115,1216,1151,1262,1227,1195,1235,1189,1236,1258,1130,1213,1166,1169,1223,1228,1219,1203,1195,1151,1268,1295,1214,1241,1161,1208,1225,1278,1257,1188,1276,1212,1256,1252,1063,1204,1187,1264,1248,1273,1254,1223,1247,1220,1257,1230,1111,1261,1129,1096,1199,1261,1289,1219,1275,1207,1290,1296,1122,1204,1158,1155,1238,1250,1255,1218,1265,1211,1266,1209,1087,1251,1218,1259,1260,1279,1273,1234,1277,1233,1261,1289,1168,1300,1222,1235,1209,1255,1251,1217,1221,1273,1368,1312,1159,1307,1240,1311,1264,1274,1297,1253,1222,1252,1330,1347,1215,1337,1239,1318,1215,1269,1275,1226,1281,1271,1324,1263,1193,1285,1248,1304,1277,1321,1304,1300,1329,1347,1390,1382,1236,1378,1274,1308,1278,1337,1322,1299,1363,1230,1366,1355,1206,1338,1314,1332,1293,1320,1329,1308,1345,1362,1375,1362,1260,1394,1272,1390,1302,1357,1344,1203,1323,1334,1377,1332,1243,1315,1209,1342,1251,1311,1324,1327,1353,1364,1454,1407,1239,1387,1341,1302,1284,1373,1363,1332,1214,1305,1381,1341,1274,1367,1188,1383,1300,1370,1367,1328,1273,1331,1413,1348,1252,1378,1227,1304,1294,1342,1362,1338,1103,941,1140,1229,1233,1473,1410,1411,1338,1404,1400,1359,1341,1448,1434,1360,1288,1248,1267,1337,1352
United States : biomass,thousand megawatthours,ELEC.GEN.BIO-US-98.M,1831,1608,1746,1658,1745,1855,1900,1921,1765,1708,1702,1798,1889,1607,1870,1679,1791,1889,2005,1990,1920,1800,1803,1911,2019,1775,1948,1870,1814,1875,2111,2099,1942,1900,1921,2061,1912,1832,1908,1782,1858,1837,2014,2004,1880,1894,1861,2018,1965,1781,1987,1758,1932,1977,2148,2133,1993,1879,1957,2091,2117,1957,2086,1739,1930,1996,2136,2186,2005,2000,2025,2093,2329,1882,2021,1809,1958,2097,2187,2216,2125,2096,2107,2180,2189,2041,2170,2056,2035,2192,2372,2307,2140,2088,2164,2261,2246,2081,2206,2056,2072,2286,2394,2417,2193,2140,2211,2392,2305,2133,2330,2171,2189,2364,2480,2487,2338,2217,2346,2461,2228,2066,2196,1956,2056,2300,2461,2445,2235,2162,2203,2414,2325,2162,2246,2033,2199,2304,2491,2492,2311,2298,2300,2446,2391,2123,2434,2133,2370,2397,2543,2696,2480,2433,2541,2680,2763,2535,2805,2506,2527,2808,2948,2897,2726,2631,2704,2779,2718,2495,2620,2426,2575,2717,3004,2996,2682,2556,2722,2874,2692,2607,2625,2384,2532,2610,2777,2870,2642,2357,2643,2862,2785,2485,2754,2426,2524,2609,2763,2795,2516,2530,2670,2868,2852,2593,2734,2398,2493,2628,2751,2700,2385,2454,2484,2535,2552,2213,2303,2046,2311,2321,2534,2565,2348,2233,2245,2440,2475,2288,2386,2187,2326,2154,2331,2524,2154,2099,2175,2385,2402,2238,2405,2002,2299,2327
United States : hydro-electric pumped storage,thousand megawatthours,ELEC.GEN.HPS-US-98.M,-589,-707,-773,-796,-623,-774,-871,-715,-928,-615,-811,-623,-750,-586,-684,-585,-539,-863,-998,-935,-777,-681,-666,-680,-802,-759,-778,-546,-597,-762,-745,-806,-769,-615,-695,-661,-768,-692,-653,-669,-689,-718,-693,-818,-770,-703,-665,-650,-725,-346,-497,-338,-466,-415,-625,-623,-680,-611,-554,-678,-533,-447,-435,-587,-444,-423,-638,-695,-629,-507,-553,-667,-572,-447,-458,-374,-547,-523,-595,-651,-743,-760,-662,-565,-746,-451,-553,-132,-587,-372,-799,-648,-517,-497,-489,-498,-501,-413,-315,-272,-349,-226,-491,-613,-348,-385,-330,-383,-565,-351,-325,-335,-441,-472,-557,-600,-421,-438,-467,-530,-659,-413,-349,-466,-417,-567,-708,-692,-583,-601,-458,-509,-348,-237,-281,-265,-371,-507,-619,-529,-431,-378,-409,-576,-465,-320,-462,-292,-334,-358,-340,-465,-439,-373,-413,-421,-290,-445,-421,-378,-601,-653,-545,-840,-542,-448,-531,-480,-551,-456,-409,-214,-370,-398,-513,-626,-544,-443,-285,-281,-312,-399,-384,-452,-321,-497,-784,-902,-715,-561,-607,-753,-435,-508,-521,-439,-423,-568,-759,-638,-606,-463,-478,-656,-547,-315,-490,-377,-390,-433,-644,-747,-603,-492,-343,-522,-323,-389,-409,-103,-368,-385,-622,-579,-671,-373,-509,-529,-377,-247,-353,-325,-367,-499,-686,-784,-525,-423,-369,-368,-424,-425,-236,-197,-416,-376
United States : other,thousand megawatthours,ELEC.GEN.OTH-US-98.M,550,495,543,543,558,559,568,560,528,533,536,570,683,645,637,688,765,834,1023,984,767,668,672,724,617,500,595,595,612,605,858,979,849,867,819,711,663,641,694,665,714,705,774,737,656,676,679,718,557,504,576,567,584,587,628,632,572,548,580,592,605,549,601,584,593,612,637,646,574,560,547,605,580,503,563,526,559,579,581,589,562,577,544,614,578,544,571,584,593,614,611,605,542,554,563,601,556,495,557,561,555,567,586,594,545,523,527,562,543,492,539,541,574,592,592,599,585,569,580,601,577,552,638,634,645,681,695,669,617,629,638,689,630,599,630,601,652,664,668,647,637,623,626,655,590,544,628,570,625,629,667,647,610,608,610,629,580,506,627,568,619,618,646,653,611,614,634,636,601,534,558,575,615,624,667,677,620,631,639,656,622,570,590,588,643,635,644,650,592,584,595,649,626,551,564,552,590,594,622,634,556,566,588,636,615,582,612,566,571,632,640,635,562,600,601,623,666,575,604,581,664,649,671,704,649,641,628,658,649,584,662,629,626,572,646,653,595,594,598,665,646,569,636,583,596,597
United States : all solar,thousand megawatthours,ELEC.GEN.TSN-US-98.M,--,--,--,--,--,--,--,--,--,--,--,--,--,--,--,--,--,--,--,--,--,--,--,--,--,--,--,--,--,--,--,--,--,--,--,--,--,--,--,--,--,--,--,--,--,--,--,--,--,--,--,--,--,--,--,--,--,--,--,--,--,--,--,--,--,--,--,--,--,--,--,--,--,--,--,--,--,--,--,--,--,--,--,--,--,--,--,--,--,--,--,--,--,--,--,--,--,--,--,--,--,--,--,--,--,--,--,--,--,--,--,--,--,--,--,--,--,--,--,--,--,--,--,--,--,--,--,--,--,--,--,--,--,--,--,--,--,--,--,--,--,--,--,--,--,--,--,--,--,--,--,--,--,--,--,--,--,--,--,--,--,--,--,--,--,--,--,--,--,--,--,--,--,--,--,--,--,--,--,--,--,--,--,--,--,--,--,--,--,--,--,--,--,--,--,--,--,--,--,--,--,--,--,--,--,--,--,--,--,--,--,--,--,--,--,--,--,--,--,--,--,--,--,--,--,--,--,--,--,--,--,--,--,--,--,--,--,--,--,--,--,--,--,--,--,--
United States : small-scale solar photovoltaic,thousand megawatthours,ELEC.GEN.DPV-US-98.M,--,--,--,--,--,--,--,--,--,--,--,--,--,--,--,--,--,--,--,--,--,--,--,--,--,--,--,--,--,--,--,--,--,--,--,--,--,--,--,--,--,--,--,--,--,--,--,--,--,--,--,--,--,--,--,--,--,--,--,--,--,--,--,--,--,--,--,--,--,--,--,--,--,--,--,--,--,--,--,--,--,--,--,--,--,--,--,--,--,--,--,--,--,--,--,--,--,--,--,--,--,--,--,--,--,--,--,--,--,--,--,--,--,--,--,--,--,--,--,--,--,--,--,--,--,--,--,--,--,--,--,--,--,--,--,--,--,--,--,--,--,--,--,--,--,--,--,--,--,--,--,--,--,--,--,--,--,--,--,--,--,--,--,--,--,--,--,--,--,--,--,--,--,--,--,--,--,--,--,--,--,--,--,--,--,--,--,--,--,--,--,--,--,--,--,--,--,--,--,--,--,--,--,--,--,--,--,--,--,--,--,--,--,--,--,--,--,--,--,--,--,--,--,--,--,--,--,--,--,--,--,--,--,--,--,--,--,--,--,--,--,--,--,--,--,--
United States : all utility-scale solar,thousand megawatthours,ELEC.GEN.SUN-US-98.M,7,13,31,39,81,91,92,85,65,21,14,4,11,24,44,46,58,96,86,75,53,31,28,4,13,18,50,60,68,91,62,62,56,35,14,4,13,11,53,57,82,88,82,73,61,34,15,8,9,13,38,58,81,88,72,76,61,38,13,3,13,20,33,52,71,70,62,83,54,32,16,3,13,19,48,54,84,84,86,75,68,49,24,5,16,36,75,94,99,128,111,105,93,60,29,19,7,30,78,99,110,103,121,116,95,68,40,21,10,33,76,112,153,175,161,156,137,75,76,43,37,81,116,155,181,210,181,218,177,151,103,117,91,129,221,305,445,508,492,445,439,415,335,339,300,417,596,640,724,839,799,914,917,954,799,826,734,814,1286,1453,1710,1883,1748,1839,1795,1680,1351,1011,1134,1459,2037,2338,2456,2512,2579,2639,2178,1875,1702,1545,1458,2201,2571,2831,3375,3418,3886,3908,3584,3147,2729,2389,2298,2717,4464,4853,5725,6052,5509,5311,5007,4606,3174,3006,3288,3863,5009,6002,6788,7347,6691,6634,5911,4926,3711,3083,3546,3798,5841,6690,7095,7898,8053,7803,6754,6040,4323,3423,4615,5657,6436,8052,9679,9555,10386,9428,7824,7284,5845,5338,5689,6452,9267,10837,12370,11974
United States : utility-scale photovoltaic,thousand megawatthours,ELEC.GEN.SPV-US-98.M,--,--,--,--,--,--,--,--,--,--,--,--,--,--,--,--,--,--,--,--,--,--,--,--,0,0,0,0,0,0,0,0,0,0,0,0,0,0,1,1,1,0,1,0,1,1,0,0,1,1,1,2,2,2,2,2,1,1,1,1,1,1,1,1,2,2,2,2,1,1,0,0,0,1,1,1,2,2,1,1,1,2,1,3,2,3,7,8,8,9,8,8,7,6,4,5,3,6,13,16,18,15,17,19,16,15,11,8,6,11,21,34,43,51,46,49,48,35,43,31,31,42,59,72,80,85,78,109,100,91,78,97,78,100,153,209,320,372,374,352,354,349,304,323,289,372,524,547,620,717,714,815,842,842,749,780,680,731,1104,1227,1418,1537,1486,1577,1537,1447,1203,915,1071,1298,1752,1966,2111,2132,2200,2247,1869,1665,1497,1420,1372,1959,2313,2558,2987,3006,3415,3541,3221,2898,2545,2298,2208,2581,4168,4543,5323,5587,5198,4970,4657,4292,3043,2884,3160,3672,4752,5688,6358,6831,6311,6224,5481,4652,3543,2991,3436,3666,5581,6365,6759,7459,7653,7390,6460,5742,4182,3353,4500,5478,6243,7746,9266,9184,9956,9071,7554,7025,5681,5246,5609,6318,9008,10503,11976,11653
United States : utility-scale thermal,thousand megawatthours,ELEC.GEN.STH-US-98.M,--,--,--,--,--,--,--,--,--,--,--,--,--,--,--,--,--,--,--,--,--,--,--,--,13,18,50,60,68,90,62,62,56,35,14,4,12,10,52,56,81,88,81,73,60,33,15,7,8,12,37,57,79,87,70,74,60,36,12,2,12,19,32,51,68,67,60,81,53,32,15,3,13,19,48,53,83,83,85,74,67,47,23,2,14,32,68,86,90,119,103,98,85,55,25,13,4,25,65,83,92,88,104,98,79,53,30,13,4,22,55,78,110,124,114,107,89,40,34,12,6,39,58,84,100,125,103,109,78,60,25,20,13,29,68,96,125,136,117,93,85,66,31,16,11,45,72,93,104,122,85,99,75,112,49,46,54,83,182,226,292,345,262,261,258,233,148,95,63,161,286,372,345,380,380,392,309,210,204,126,86,241,257,273,388,412,471,368,363,249,184,91,90,136,297,310,402,465,311,341,349,314,131,123,128,191,258,314,430,517,380,409,430,275,168,92,111,131,260,325,336,439,400,413,294,298,141,70,116,179,193,306,413,371,430,356,270,259,164,92,80,134,259,334,394,322
Pacific Contiguous,,ELEC.GEN..M,,,,,,,,,,,,,,,,,,,,,,,,,,,,,,,,,,,,,,,,,,,,,,,,,,,,,,,,,,,,,,,,,,,,,,,,,,,,,,,,,,,,,,,,,,,,,,,,,,,,,,,,,,,,,,,,,,,,,,,,,,,,,,,,,,,,,,,,,,,,,,,,,,,,,,,,,,,,,,,,,,,,,,,,,,,,,,,,,,,,,,,,,,,,,,,,,,,,,,,,,,,,,,,,,,,,,,,,,,,,,,,,,,,,,,,,,,,,,,,,,,,,,,
California,,ELEC.GEN..M,,,,,,,,,,,,,,,,,,,,,,,,,,,,,,,,,,,,,,,,,,,,,,,,,,,,,,,,,,,,,,,,,,,,,,,,,,,,,,,,,,,,,,,,,,,,,,,,,,,,,,,,,,,,,,,,,,,,,,,,,,,,,,,,,,,,,,,,,,,,,,,,,,,,,,,,,,,,,,,,,,,,,,,,,,,,,,,,,,,,,,,,,,,,,,,,,,,,,,,,,,,,,,,,,,,,,,,,,,,,,,,,,,,,,,,,,,,,,,,,,,,,,,
California : all fuels (utility-scale),thousand megawatthours,ELEC.GEN.ALL-CA-98.M,14986,13018,14420,14417,15329,16562,18095,18622,15280,14334,11979,13061,13025,11249,14198,12527,12405,14702,17839,17009,15329,12738,11175,12914,12520,11603,12818,12158,14031,14634,19136,17909,16263,15229,12740,13575,13663,12963,14360,13851,14142,14800,18661,18044,15982,13734,12220,13253,13232,11923,13810,14041,15540,15990,19985,19286,15289,14035,13120,15278,14829,13482,15672,13672,16574,18902,22960,19629,17398,15745,14276,15107,14963,13374,13975,13988,14707,16561,20414,20858,17328,15541,15047,15424,15953,13462,13616,16135,15090,15712,19073,20396,16944,15320,13396,14852,13587,12717,14155,14315,15528,15043,20371,19481,18766,14548,13342,15047,14211,13404,14659,14308,14643,14975,18314,18978,16893,15746,14295,15388,13926,13230,14430,14534,13837,14770,17827,18447,16961,14494,13958,15860,14386,13140,13562,13121,14497,14886,16851,19632,17586,16017,13661,13883,13918,12355,12986,13443,14575,15996,18522,18245,17232,14831,13930,15482,14210,12836,12725,13750,15042,15475,18375,17915,17568,16245,13081,13600,12854,11117,13049,13317,14134,17213,18742,19201,17436,15665,12679,13895,13245,12200,12968,12872,13858,17474,19531,19623,16505,15456,12607,14063,15590,12850,14155,13788,15807,17472,20115,21109,17395,15462,12837,13183,12319,11471,12662,13551,14546,16127,20878,19515,16182,15510,13365,12995,12750,12976,15162,14955,14914,16565,19494,20335,16885,15069,12991,13299,12870,12047,13376,12612,14013,15441,18151,20307,16773,15779,13074,13512,12192,11065,12954,13263,14861,17093
California : coal,thousand megawatthours,ELEC.GEN.COW-CA-98.M,156,147,60,165,158,174,180,184,144,107,105,169,160,154,170,118,123,163,158,169,159,174,119,165,168,156,145,92,125,155,170,167,171,165,162,162,174,176,168,47,135,153,174,166,146,147,112,199,121,131,142,115,128,151,158,151,140,137,142,155,152,141,110,128,99,159,156,170,163,145,174,158,176,158,108,150,131,165,160,171,165,157,142,161,167,116,121,169,114,171,181,191,181,170,161,174,163,137,119,131,115,136,136,138,146,152,154,152,163,160,94,141,147,156,165,150,156,145,115,159,177,145,128,140,138,132,144,133,122,137,93,119,117,118,115,91,38,95,93,102,94,64,27,52,32,31,0,33,23,89,87,84,71,18,0,0,0,0,54,38,31,89,91,90,82,23,0,0,0,0,0,0,0,0,0,0,0,0,0,0,0,0,0,0,0,0,0,0,0,0,0,0,0,0,0,0,0,0,0,0,0,0,0,0,0,0,0,0,0,0,0,0,0,0,0,0,0,0,0,0,0,0,0,0,0,0,0,0,0,0,0,0,0,0,0,0,0,0,0,0,0,0,0,0,0,0
California : petroleum liquids,thousand megawatthours,ELEC.GEN.PEL-CA-98.M,250,166,109,81,92,44,36,9,5,5,5,4,8,17,6,16,6,4,7,6,11,9,21,12,7,5,4,7,7,17,13,17,15,10,8,5,7,9,26,25,11,4,5,5,9,7,8,9,21,8,13,8,27,9,12,11,9,5,7,12,5,10,4,11,17,8,14,6,11,21,20,10,14,6,6,18,6,11,8,13,4,9,5,10,6,9,13,17,8,5,5,5,7,3,5,7,3,4,4,5,5,5,5,7,9,6,6,8,4,4,4,3,3,7,4,3,4,6,4,6,3,3,4,2,3,3,5,5,8,3,3,3,2,4,3,6,3,5,3,4,4,5,3,3,3,2,3,5,4,3,4,4,4,3,3,4,5,2,3,3,4,3,4,4,5,4,3,4,4,3,2,4,8,7,4,5,7,6,3,6,3,3,3,3,3,3,4,3,5,3,3,5,3,3,3,3,3,3,3,3,4,3,3,3,3,3,3,3,3,4,6,4,3,3,3,3,3,3,3,4,3,3,3,4,3,7,3,4,4,3,3,2,2,3,4,6,3,4,3,3,3,NM,3,3,3,3
California : petroleum coke,thousand megawatthours,ELEC.GEN.PC-CA-98.M,152,138,124,128,130,134,149,135,124,155,138,144,129,92,141,113,124,150,166,168,158,142,134,143,146,127,147,109,150,167,195,177,168,159,134,151,133,110,140,92,119,167,163,173,157,129,144,146,156,147,164,131,143,165,161,171,171,155,140,156,156,130,143,143,115,142,162,155,142,125,121,135,145,119,118,132,123,149,154,154,147,133,138,143,133,123,119,131,101,114,118,114,116,107,133,141,128,112,108,114,107,122,131,115,118,113,116,121,91,81,95,82,81,90,77,78,81,83,89,76,61,66,87,77,79,76,89,83,68,71,53,53,58,35,NM,2,NM,NM,NM,NM,NM,NM,NM,NM,0,0,0,0,3,5,4,4,4,1,0,0,0,0,0,0,2,5,4,5,4,0,0,0,0,0,0,0,0,0,0,0,0,0,0,0,0,0,0,0,0,0,0,0,0,0,0,0,0,0,0,0,0,0,0,0,0,0,0,0,0,0,0,0,0,0,0,0,0,0,0,0,0,0,0,0,0,0,0,0,0,0,0,0,0,0,0,0,0,0,0,0,0,0,0,0,0,0,0,0,0,0
California : natural gas,thousand megawatthours,ELEC.GEN.NG-CA-98.M,8892,7801,8348,8070,8490,8159,9489,10156,8130,7627,5837,6140,5415,4720,6420,4448,4411,6566,8940,8344,7643,5763,5353,5969,5515,5381,5669,4431,4111,4936,9376,8791,8077,7601,5760,5819,5941,6129,6644,6415,6020,5968,9242,9201,8458,7373,7149,7048,6032,5218,5558,5094,5104,5423,9680,9950,7163,6418,6616,7136,5746,5580,6240,4853,6210,7708,12417,9890,9153,8333,7562,8034,7239,6581,6116,6145,6828,8205,11048,12302,9629,9046,8636,9609,9523,7866,7403,8573,6596,7297,9660,11411,10295,9536,8227,9249,8294,7602,7013,5925,6051,5517,10550,10871,11410,8825,8001,9237,8590,7916,8410,6987,4876,4474,7850,9428,8618,9863,8264,7647,6298,6308,4936,4099,3389,3940,6705,8361,8554,6789,6693,8795,8310,8342,7909,7235,7141,7596,9066,12133,11016,10197,8688,8149,8488,7855,7467,6395,6698,8065,10363,10617,10616,9129,8972,10522,9480,8815,7536,7139,7167,7082,10212,10558,11112,10988,7849,8503,8155,5938,6958,6674,6469,9276,10522,11131,11063,10668,7682,8236,7874,6210,4661,4410,4829,7617,9076,10096,8292,8210,6188,7014,6837,4833,3806,3324,4234,6100,8544,9906,7952,7401,6272,6697,6057,5311,5483,3899,3419,5097,10131,9188,6950,7926,7090,6968,6524,6095,5063,3331,2741,4050,7121,8588,7420,7477,7479,7566,5665,5040,5738,3773,3536,5262,7887,10497,8739,9241,6844,7593,6032,5137,5459,4860,5118,7632
California : other gases,thousand megawatthours,ELEC.GEN.OOG-CA-98.M,0,0,0,0,0,0,0,0,0,0,0,0,0,0,0,0,0,0,0,0,0,0,0,0,0,0,9,9,9,7,8,9,8,9,9,10,8,7,9,6,5,7,5,5,5,7,5,4,12,5,12,10,10,6,0,0,0,0,8,1,0,0,0,0,10,12,7,7,9,3,5,0,9,0,0,3,0,0,0,0,0,0,0,0,1,1,1,1,1,1,1,1,1,1,1,2,2,2,5,5,5,5,6,6,6,6,7,6,6,5,5,4,5,5,5,4,1,1,1,1,1,1,1,1,7,6,1,1,2,1,4,3,0,0,0,0,0,0,0,0,0,0,0,0,0,0,0,0,0,0,0,0,0,0,0,0,0,0,0,0,0,0,0,0,0,0,0,0,0,0,0,0,0,0,0,0,0,0,0,0,0,0,0,0,0,0,0,0,0,0,0,0,0,0,0,0,0,0,0,0,0,0,0,0,0,0,0,0,0,0,0,0,0,0,0,0,0,0,0,0,0,0,0,0,0,0,0,0,0,0,0,0,0,0,0,0,0,0,0,0,0,0,0,0,0,0
California : nuclear,thousand megawatthours,ELEC.GEN.NUC-CA-98.M,2380,2230,2469,2319,1668,3101,3295,3280,3164,2961,3068,3287,3247,2869,3227,3111,2182,2217,3168,3196,3150,2949,2163,2873,2611,1754,2508,2805,3310,3071,3298,3311,3198,3304,3186,3237,3079,2432,2096,2116,2459,2750,3215,3284,3050,2268,1485,2033,3075,2391,3084,3144,3113,3174,3294,3296,3063,3015,2384,3120,2539,2248,2400,1364,2318,3249,3350,3355,3249,2924,2382,2579,3337,3045,3372,3181,2456,2921,3333,3109,3248,2552,2833,2406,2777,2350,2519,2436,2851,3006,3344,2893,2625,2606,2416,2658,2309,1751,2611,3251,3263,3239,3249,3003,2751,1717,2118,2501,2384,2218,2138,2500,3355,3269,3378,3382,3237,1848,1997,2495,2529,2497,3223,3239,2519,3089,3371,3286,2960,3359,3268,3325,2700,1491,1675,1185,823,1097,1674,1673,1604,1521,1541,1524,1673,793,996,1626,1678,1484,1486,1688,1634,1581,1595,1678,1597,799,960,1645,1680,1628,1663,1508,1612,941,1423,1530,1564,1526,1694,1645,1696,1640,1682,1666,1534,905,1370,1584,1690,1583,1695,1635,847,1526,1695,1686,1631,1605,1622,1693,1645,1526,1569,1413,840,960,1648,1683,1623,1684,1629,1681,1666,983,1047,1546,1683,1637,1686,1621,1615,1668,1574,1488,1682,987,1133,1552,1693,1633,1687,1678,1370,840,801,1111,1690,1486,1671,1631,1598,1628,1279,1598,1600,439,784,857,1287,800,841,922,1674,1634
California : conventional hydroelectric,thousand megawatthours,ELEC.GEN.HYC-CA-98.M,1590,1290,1765,2096,3045,3054,3002,2809,2028,1819,1357,1685,2516,1921,2452,2914,3463,3379,3282,3069,2400,1864,1771,2109,2600,2673,2579,2802,4508,4226,4040,3480,2830,2209,1942,2479,2742,2509,3562,3441,3182,3449,3618,3142,2368,2032,1820,2274,2308,2568,3045,3500,4841,4766,4472,3644,2803,2463,2173,3044,4487,3790,4821,5382,5827,5278,4647,3855,2790,2324,2344,2496,1988,1720,2295,2250,2986,2740,3384,2864,2138,1783,1716,1453,1553,1229,1439,2720,3231,2745,3336,3423,1713,1098,787,854,1088,1446,2289,2714,3714,3358,3701,3018,2248,1784,1238,1291,1327,1447,2038,2580,3945,4439,4175,3519,2642,1974,2070,3268,3273,2386,3901,4609,5120,4978,4993,4039,3241,2277,1959,1776,1334,1105,1493,2307,3471,3050,3281,2975,2439,1890,1521,1967,1693,1503,1786,2253,2707,2860,3192,2628,1766,1409,1033,919,812,726,954,1424,2078,2225,2326,1902,1253,1008,832,988,853,896,899,982,1254,1545,1908,1689,1375,905,639,860,1075,1532,2769,2759,3199,3316,3446,2866,2296,1717,1660,2295,3757,3520,4454,4380,4979,4450,4326,3864,2883,2044,1813,1874,1605,1196,1850,3223,3113,2892,3184,2844,2300,1478,1185,1449,1460,2181,4312,4640,4579,4603,4223,3786,2796,2156,1639,1966,1556,1143,1222,1983,2747,2534,2630,2626,1728,1382,1030,853,713,770,976,1263,1447,1544
California : other renewables,thousand megawatthours,ELEC.GEN.AOR-CA-98.M,1585,1403,1683,1688,1697,1855,1928,1896,1713,1635,1500,1576,1690,1519,1811,1792,1973,2116,2073,2063,1824,1820,1642,1653,1659,1593,1855,1874,1855,2105,2021,1978,1853,1813,1613,1770,1693,1659,1821,1840,2136,2251,2213,2083,1861,1820,1604,1610,1677,1439,1814,1874,2111,2169,2093,1967,1909,1837,1676,1719,1758,1562,1901,1776,1912,2102,2111,2118,1912,1906,1748,1794,2025,1650,1891,2004,2133,2271,2237,2144,1982,1854,1645,1718,1787,1680,1982,2010,2172,2239,2332,2270,1955,1826,1697,1763,1657,1678,2027,2124,2199,2407,2535,2289,2021,1935,1734,1774,1688,1626,1926,2004,2203,2458,2567,2369,2110,1810,1788,1828,1687,1795,2105,2361,2525,2498,2430,2484,2006,1922,1870,1835,1832,1959,2283,2231,2891,2950,2650,2614,2278,2323,1894,2255,2043,2161,2748,3118,3428,3384,3250,3252,3053,2636,2311,2343,2295,2492,3220,3538,4129,4415,3921,3893,3489,3228,2951,2628,2348,2824,3515,3969,4608,4646,4527,4617,3439,3154,2995,3204,2690,2952,3885,4072,4850,4835,5247,5010,4259,3893,3237,3200,3141,3037,4356,4661,5666,5902,5496,5527,4881,4227,3108,2964,3025,3912,4391,4909,6299,6373,5773,5876,5298,4463,3487,3229,3171,3787,4693,5324,5878,6218,6406,6168,5285,4494,3101,2748,4003,4356,4781,5255,6119,5954,6264,5578,4691,4719,4402,4170,4167,4416,5671,6236,6696,6273
California : wind,thousand megawatthours,ELEC.GEN.WND-CA-98.M,133,148,300,393,378,438,440,408,293,253,143,172,131,153,267,409,478,557,443,476,295,284,158,149,109,193,326,424,453,549,432,396,340,285,188,201,130,202,288,399,634,683,588,492,359,259,155,117,175,150,334,429,551,584,497,384,404,322,217,214,281,215,389,430,577,596,538,500,402,396,292,267,233,307,442,612,732,729,675,600,486,349,188,233,271,262,450,538,691,658,700,648,406,298,223,240,150,245,442,603,701,850,879,679,480,406,235,170,150,221,399,546,689,867,925,731,551,372,305,324,234,429,612,960,1026,1021,869,908,522,415,428,325,419,581,769,768,1316,1362,1001,1001,697,776,385,679,482,727,1055,1550,1740,1630,1413,1296,1158,750,556,460,500,831,1055,1306,1766,1857,1407,1285,953,758,704,566,187,618,825,1261,1680,1667,1444,1522,815,666,618,916,690,527,1304,1324,1594,1669,1696,1470,996,934,528,764,815,750,953,1211,1643,1637,1417,1641,1216,838,451,242,423,886,1059,1233,1928,1782,1564,1644,1258,1028,638,570,536,1053,1090,1474,1837,1563,1673,1468,1209,876,466,479,1132,1070,1174,1169,1339,1270,1230,1033,819,1099,1164,1136,1083,991,1481,1492,1520,1246
California : all utility-scale solar,thousand megawatthours,ELEC.GEN.SUN-CA-98.M,7,13,31,39,81,91,92,85,65,21,14,4,11,24,44,46,58,95,86,75,53,31,28,4,13,18,50,60,68,91,62,62,56,35,14,4,12,10,53,56,81,88,82,73,60,33,15,8,8,12,37,57,80,87,71,75,60,37,12,2,12,19,32,51,69,68,60,81,53,32,15,3,13,19,48,53,83,81,76,64,57,41,20,2,12,28,56,71,76,100,90,85,73,46,21,11,2,22,55,73,80,81,95,86,69,47,25,12,2,20,51,75,106,121,116,104,86,38,33,12,1,33,48,80,97,126,108,135,99,79,28,27,3,35,85,124,170,212,184,147,140,109,69,51,63,127,223,234,261,348,337,461,449,399,400,426,354,406,705,834,969,1075,991,1085,1062,958,799,597,676,887,1247,1409,1454,1504,1570,1601,1326,1123,1043,870,710,1186,1307,1534,1911,1838,2152,2130,1898,1598,1380,1033,967,1081,2023,2145,2711,2953,2699,2497,2334,2153,1327,1324,1235,1740,1993,2495,3005,3232,2797,2818,2672,2110,1496,1225,1256,1482,2251,2611,2720,3318,3343,3287,2705,2478,1614,1075,1603,2038,2155,2705,3385,3354,3618,3119,2521,2312,1854,1613,1739,2153,2903,3497,3846,3682
California : utility-scale photovoltaic,thousand megawatthours,ELEC.GEN.SPV-CA-98.M,--,--,--,--,--,--,--,--,--,--,--,--,--,--,--,--,--,--,--,--,--,--,--,--,0,0,0,0,0,0,0,0,0,0,0,0,0,0,0,0,0,0,0,0,0,0,0,0,0,0,0,0,0,0,0,0,0,0,0,0,0,0,0,0,0,0,0,0,0,0,0,0,0,0,0,0,0,0,0,0,0,0,0,0,0,0,0,0,1,1,1,1,1,1,0,0,0,1,3,4,4,4,5,4,3,3,1,2,0,3,7,11,15,18,17,15,13,6,5,2,0,6,8,14,17,22,19,43,35,28,10,11,1,15,37,54,76,109,94,75,76,61,48,42,59,96,170,162,187,259,275,383,388,351,382,407,338,368,593,683,780,837,811,900,891,813,696,530,631,760,1032,1144,1223,1247,1306,1326,1098,977,896,779,663,1005,1122,1340,1653,1549,1814,1853,1634,1414,1240,968,902,984,1816,1938,2413,2625,2432,2246,2097,1931,1233,1234,1142,1598,1807,2285,2712,2880,2546,2546,2380,1923,1383,1158,1191,1399,2086,2394,2490,3007,3050,2993,2495,2267,1502,1028,1538,1917,2026,2496,3087,3090,3298,2860,2332,2127,1731,1554,1693,2075,2719,3253,3567,3460
California : utility-scale thermal,thousand megawatthours,ELEC.GEN.STH-CA-98.M,--,--,--,--,--,--,--,--,--,--,--,--,--,--,--,--,--,--,--,--,--,--,--,--,13,18,50,60,68,90,62,62,56,35,14,4,12,10,52,56,81,88,81,73,60,33,15,7,8,12,37,57,79,87,70,74,60,36,12,2,12,19,32,51,68,67,60,81,53,32,15,3,13,19,47,53,82,81,76,64,57,41,20,1,12,27,56,71,75,100,89,85,72,45,21,11,2,21,53,69,76,77,90,82,66,44,24,10,2,18,44,65,91,103,99,89,73,32,28,10,0,27,40,66,80,104,89,92,63,50,18,17,2,20,48,69,94,104,90,71,64,48,21,9,4,31,53,71,74,89,62,78,62,48,19,19,17,38,112,152,188,237,180,185,171,146,103,68,44,127,215,266,231,258,264,275,229,146,147,91,47,181,185,194,258,289,338,277,264,183,140,64,65,97,207,207,298,328,267,251,237,222,95,90,93,142,186,210,294,353,251,272,291,187,113,66,65,83,165,217,230,310,294,294,210,210,112,47,66,121,129,209,298,263,320,259,189,185,123,59,46,78,184,244,279,223
California : geothermal,thousand megawatthours,ELEC.GEN.GEO-CA-98.M,1086,951,1053,966,960,960,1048,1037,1020,1022,1022,1055,1148,1010,1118,1005,1101,1051,1124,1122,1085,1119,1077,1114,1138,1020,1088,1038,1050,1104,1108,1097,1083,1097,1021,1136,1145,1072,1093,1019,1070,1088,1134,1113,1051,1136,1076,1108,1114,940,1061,1053,1125,1110,1121,1110,1082,1112,1080,1116,1078,972,1107,986,959,1057,1114,1141,1084,1125,1062,1137,1139,990,1056,1028,1041,1104,1113,1113,1088,1123,1075,1119,1127,1019,1074,1036,1070,1082,1102,1096,1064,1100,1048,1066,1097,994,1106,1053,1072,1038,1089,1082,1051,1081,1057,1132,1104,991,1082,1021,1073,1038,1064,1069,1038,995,1039,1087,1096,991,1091,1001,1077,991,1055,1057,1013,1063,1038,1080,1025,965,1047,1031,1061,1021,1066,1058,1041,1058,1054,1091,1068,949,1079,988,1041,1010,1073,1063,1034,1061,924,1018,990,891,994,998,1022,1007,1048,1045,1014,1042,1027,1024,1042,948,1043,939,1056,1022,1048,1039,874,974,935,963,927,870,928,852,974,936,1003,1006,986,979,970,1026,1023,897,1006,972,947,943,998,991,970,878,948,987,976,928,993,863,1017,971,1012,1009,977,932,970,1030,981,911,1005,901,953,956,991,1008,988,789,636,796,865,878,1072,1017,1024,973,1033,1031,990,967,1045,1032,972,933,904,917,959,974
California : biomass,thousand megawatthours,ELEC.GEN.BIO-CA-98.M,360,292,299,291,278,365,347,365,335,338,320,346,400,332,382,331,336,412,421,390,391,385,378,386,398,362,391,352,284,361,419,423,374,396,390,429,406,374,388,365,351,393,409,405,392,392,357,377,380,337,381,336,355,389,404,397,362,367,367,387,388,356,374,308,308,381,399,396,373,353,379,388,640,334,345,311,277,357,372,367,352,341,362,364,377,371,401,365,336,399,440,440,413,382,406,445,408,417,424,395,346,437,472,443,420,401,417,459,432,394,395,363,336,432,462,463,436,405,410,404,357,342,355,319,324,360,397,384,372,365,375,402,385,378,383,307,344,355,399,409,400,379,386,434,429,358,391,346,386,396,428,433,411,426,431,438,451,365,466,399,373,476,475,478,460,470,420,441,443,370,400,360,418,452,465,454,425,391,399,455,361,368,346,362,371,391,396,403,379,382,360,377,337,310,374,334,364,369,382,399,361,358,381,411,391,358,345,319,349,387,401,404,392,393,383,405,398,342,347,339,368,381,400,405,382,351,384,398,402,370,380,363,370,357,384,395,361,342,338,389,373,339,383,331,371,371
California : hydro-electric pumped storage,thousand megawatthours,ELEC.GEN.HPS-CA-98.M,-36,-173,-153,-144,35,25,-1,136,-42,9,-44,39,-162,-65,-54,-1,101,84,19,-30,-38,-8,-52,-35,-206,-106,-117,5,-59,-69,-7,-41,-77,-60,-96,-80,-132,-87,-127,-150,57,31,6,-37,-93,-68,-125,-91,-187,3,-39,147,45,109,95,77,13,-12,-45,-84,-35,3,34,-3,52,226,78,53,-47,-51,-97,-118,13,80,54,90,28,81,70,82,-1,-11,-85,-92,-9,72,-1,58,2,118,77,72,36,-45,-47,-12,-76,-27,-35,33,48,235,38,16,39,-10,-48,-60,-60,-70,-68,-7,10,58,73,25,26,-2,-48,-107,-114,11,24,-12,38,29,68,35,-17,-81,-2,-67,18,74,61,58,112,71,64,111,130,-1,-31,-92,-33,-7,-32,0,16,86,118,-53,66,38,-1,-2,0,-14,-19,-53,-65,9,135,-65,-6,37,4,-69,-85,-87,-36,32,79,80,81,76,1,12,-27,-13,-98,-89,-53,-22,113,159,47,-54,7,12,-120,-162,193,-83,-51,-9,66,38,79,108,34,90,-3,-55,-50,55,-126,-45,18,110,87,-28,5,-41,16,-151,-102,-87,-55,91,10,50,40,95,-2,79,-43,-107,-62,6,-53,-47,2,54,69,-12,-1,-18,-1,25,-24,-70,-7,-31,-82,6
California : other,thousand megawatthours,ELEC.GEN.OTH-CA-98.M,17,16,15,13,14,17,16,17,15,16,15,17,23,22,25,17,22,23,24,24,22,25,22,25,21,18,19,23,14,20,21,20,19,19,21,23,18,19,21,18,19,20,19,20,19,20,20,20,17,14,17,17,18,19,20,19,19,17,18,19,20,19,19,18,13,19,19,19,17,16,16,18,18,17,16,15,15,20,20,18,16,17,17,18,16,18,19,19,12,15,18,18,15,18,15,16,18,13,15,13,19,19,19,18,17,20,16,18,19,17,17,13,18,18,20,20,17,17,17,16,11,18,20,18,20,19,22,21,17,17,17,18,15,13,13,6,10,14,13,13,14,12,14,20,19,17,18,13,17,19,19,19,19,18,17,19,20,16,18,15,16,19,20,19,18,16,19,16,15,18,16,11,20,19,19,18,18,17,16,19,12,9,9,14,17,18,16,16,16,17,17,17,14,14,18,16,18,20,18,18,17,13,15,19,12,13,14,14,12,13,10,11,11,12,10,10,11,10,13,13,12,9,14,15,14,16,11,12,16,12,14,14,9,5,17,14,12,14,12,11,13,10,12,9,4,0
California : all solar,thousand megawatthours,ELEC.GEN.TSN-CA-98.M,--,--,--,--,--,--,--,--,--,--,--,--,--,--,--,--,--,--,--,--,--,--,--,--,--,--,--,--,--,--,--,--,--,--,--,--,--,--,--,--,--,--,--,--,--,--,--,--,--,--,--,--,--,--,--,--,--,--,--,--,--,--,--,--,--,--,--,--,--,--,--,--,--,--,--,--,--,--,--,--,--,--,--,--,--,--,--,--,--,--,--,--,--,--,--,--,--,--,--,--,--,--,--,--,--,--,--,--,--,--,--,--,--,--,--,--,--,--,--,--,--,--,--,--,--,--,--,--,--,--,--,--,--,--,--,--,--,--,--,--,--,--,--,--,--,--,--,--,--,--,--,--,--,--,--,--,--,--,--,--,--,--,--,--,--,--,--,--,--,--,--,--,--,--,--,--,--,--,--,--,--,--,--,--,--,--,--,--,--,--,--,--,--,--,--,--,--,--,--,--,--,--,--,--,--,--,--,--,--,--,--,--,--,--,--,--,--,--,--,--,--,--,--,--,--,--,--,--,--,--,--,--,--,--,--,--,--,--,--,--,--,--,--,--,--,--
California : small-scale solar photovoltaic,thousand megawatthours,ELEC.GEN.DPV-CA-98.M,--,--,--,--,--,--,--,--,--,--,--,--,--,--,--,--,--,--,--,--,--,--,--,--,--,--,--,--,--,--,--,--,--,--,--,--,--,--,--,--,--,--,--,--,--,--,--,--,--,--,--,--,--,--,--,--,--,--,--,--,--,--,--,--,--,--,--,--,--,--,--,--,--,--,--,--,--,--,--,--,--,--,--,--,--,--,--,--,--,--,--,--,--,--,--,--,--,--,--,--,--,--,--,--,--,--,--,--,--,--,--,--,--,--,--,--,--,--,--,--,--,--,--,--,--,--,--,--,--,--,--,--,--,--,--,--,--,--,--,--,--,--,--,--,--,--,--,--,--,--,--,--,--,--,--,--,--,--,--,--,--,--,--,--,--,--,--,--,--,--,--,--,--,--,--,--,--,--,--,--,--,--,--,--,--,--,--,--,--,--,--,--,--,--,--,--,--,--,--,--,--,--,--,--,--,--,--,--,--,--,--,--,--,--,--,--,--,--,--,--,--,--,--,--,--,--,--,--,--,--,--,--,--,--,--,--,--,--,--,--,--,--,--,--,--,--
California : all utility-scale solar,thousand megawatthours,ELEC.GEN.SUN-CA-98.M,7,13,31,39,81,91,92,85,65,21,14,4,11,24,44,46,58,95,86,75,53,31,28,4,13,18,50,60,68,91,62,62,56,35,14,4,12,10,53,56,81,88,82,73,60,33,15,8,8,12,37,57,80,87,71,75,60,37,12,2,12,19,32,51,69,68,60,81,53,32,15,3,13,19,48,53,83,81,76,64,57,41,20,2,12,28,56,71,76,100,90,85,73,46,21,11,2,22,55,73,80,81,95,86,69,47,25,12,2,20,51,75,106,121,116,104,86,38,33,12,1,33,48,80,97,126,108,135,99,79,28,27,3,35,85,124,170,212,184,147,140,109,69,51,63,127,223,234,261,348,337,461,449,399,400,426,354,406,705,834,969,1075,991,1085,1062,958,799,597,676,887,1247,1409,1454,1504,1570,1601,1326,1123,1043,870,710,1186,1307,1534,1911,1838,2152,2130,1898,1598,1380,1033,967,1081,2023,2145,2711,2953,2699,2497,2334,2153,1327,1324,1235,1740,1993,2495,3005,3232,2797,2818,2672,2110,1496,1225,1256,1482,2251,2611,2720,3318,3343,3287,2705,2478,1614,1075,1603,2038,2155,2705,3385,3354,3618,3119,2521,2312,1854,1613,1739,2153,2903,3497,3846,3682
California : utility-scale photovoltaic,thousand megawatthours,ELEC.GEN.SPV-CA-98.M,--,--,--,--,--,--,--,--,--,--,--,--,--,--,--,--,--,--,--,--,--,--,--,--,0,0,0,0,0,0,0,0,0,0,0,0,0,0,0,0,0,0,0,0,0,0,0,0,0,0,0,0,0,0,0,0,0,0,0,0,0,0,0,0,0,0,0,0,0,0,0,0,0,0,0,0,0,0,0,0,0,0,0,0,0,0,0,0,1,1,1,1,1,1,0,0,0,1,3,4,4,4,5,4,3,3,1,2,0,3,7,11,15,18,17,15,13,6,5,2,0,6,8,14,17,22,19,43,35,28,10,11,1,15,37,54,76,109,94,75,76,61,48,42,59,96,170,162,187,259,275,383,388,351,382,407,338,368,593,683,780,837,811,900,891,813,696,530,631,760,1032,1144,1223,1247,1306,1326,1098,977,896,779,663,1005,1122,1340,1653,1549,1814,1853,1634,1414,1240,968,902,984,1816,1938,2413,2625,2432,2246,2097,1931,1233,1234,1142,1598,1807,2285,2712,2880,2546,2546,2380,1923,1383,1158,1191,1399,2086,2394,2490,3007,3050,2993,2495,2267,1502,1028,1538,1917,2026,2496,3087,3090,3298,2860,2332,2127,1731,1554,1693,2075,2719,3253,3567,3460
California : utility-scale thermal,thousand megawatthours,ELEC.GEN.STH-CA-98.M,--,--,--,--,--,--,--,--,--,--,--,--,--,--,--,--,--,--,--,--,--,--,--,--,13,18,50,60,68,90,62,62,56,35,14,4,12,10,52,56,81,88,81,73,60,33,15,7,8,12,37,57,79,87,70,74,60,36,12,2,12,19,32,51,68,67,60,81,53,32,15,3,13,19,47,53,82,81,76,64,57,41,20,1,12,27,56,71,75,100,89,85,72,45,21,11,2,21,53,69,76,77,90,82,66,44,24,10,2,18,44,65,91,103,99,89,73,32,28,10,0,27,40,66,80,104,89,92,63,50,18,17,2,20,48,69,94,104,90,71,64,48,21,9,4,31,53,71,74,89,62,78,62,48,19,19,17,38,112,152,188,237,180,185,171,146,103,68,44,127,215,266,231,258,264,275,229,146,147,91,47,181,185,194,258,289,338,277,264,183,140,64,65,97,207,207,298,328,267,251,237,222,95,90,93,142,186,210,294,353,251,272,291,187,113,66,65,83,165,217,230,310,294,294,210,210,112,47,66,121,129,209,298,263,320,259,189,185,123,59,46,78,184,244,279,223
